model,hyperparams,roc_auc,train_roc_auc,accuracy,train_accuracy,precision,train_precision,recall,train_recall,f1,train_f1
0,0.7597175763221408,0.9972993827160495,0.7595772787318362,0.9973544973544973,0.7186629526462396,0.9969135802469136,0.7610619469026548,0.9969135802469136,0.7392550143266475,0.9969135802469136,DecisionTreeClassifier,{'max_depth': None, 'min_samples_split': 2, 'min_samples_leaf': 1, 'min_impurity_decrease': 0, 'criterion': 'gini', 'splitter': 'best'}
1,0.7682883798393811,0.9972993827160495,0.7675033025099075,0.9973544973544973,0.7245179063360881,0.9969135802469136,0.775811209439528,0.9969135802469136,0.7492877492877493,0.9969135802469136,DecisionTreeClassifier,{'max_depth': None, 'min_samples_split': 2, 'min_samples_leaf': 1, 'min_impurity_decrease': 0, 'criterion': 'gini', 'splitter': 'random'}
2,0.7792162425371555,0.9972993827160495,0.7820343461030383,0.9973544973544973,0.7589285714285714,0.9969135802469136,0.7522123893805309,0.9969135802469136,0.7555555555555556,0.9969135802469136,DecisionTreeClassifier,{'max_depth': None, 'min_samples_split': 2, 'min_samples_leaf': 1, 'min_impurity_decrease': 0, 'criterion': 'entropy', 'splitter': 'best'}
3,0.786033365795825,0.9972993827160495,0.7886393659180978,0.9973544973544973,0.7655786350148368,0.9969135802469136,0.7610619469026548,0.9969135802469136,0.7633136094674556,0.9969135802469136,DecisionTreeClassifier,{'max_depth': None, 'min_samples_split': 2, 'min_samples_leaf': 1, 'min_impurity_decrease': 0, 'criterion': 'entropy', 'splitter': 'random'}
4,0.7824448490494135,0.9972993827160495,0.7846763540290621,0.9973544973544973,0.7588235294117647,0.9969135802469136,0.7610619469026548,0.9969135802469136,0.7599410898379971,0.9969135802469136,DecisionTreeClassifier,{'max_depth': None, 'min_samples_split': 2, 'min_samples_leaf': 1, 'min_impurity_decrease': 0, 'criterion': 'log_loss', 'splitter': 'best'}
5,0.7863121198007085,0.9972993827160495,0.7886393659180978,0.9973544973544973,0.7640117994100295,0.9969135802469136,0.7640117994100295,0.9969135802469136,0.7640117994100296,0.9969135802469136,DecisionTreeClassifier,{'max_depth': None, 'min_samples_split': 2, 'min_samples_leaf': 1, 'min_impurity_decrease': 0, 'criterion': 'log_loss', 'splitter': 'random'}
6,0.5,0.5,0.5521796565389696,0.5714285714285714,0.0,0.0,0.0,0.0,0.0,0.0,DecisionTreeClassifier,{'max_depth': None, 'min_samples_split': 2, 'min_samples_leaf': 1, 'min_impurity_decrease': 0.05, 'criterion': 'gini', 'splitter': 'best'}
7,0.5,0.5,0.5521796565389696,0.5714285714285714,0.0,0.0,0.0,0.0,0.0,0.0,DecisionTreeClassifier,{'max_depth': None, 'min_samples_split': 2, 'min_samples_leaf': 1, 'min_impurity_decrease': 0.05, 'criterion': 'gini', 'splitter': 'random'}
8,0.7063061918674401,0.7773919753086419,0.7159841479524438,0.791005291005291,0.7123287671232876,0.8007246376811594,0.6135693215339233,0.6820987654320988,0.6592709984152139,0.7366666666666668,DecisionTreeClassifier,{'max_depth': None, 'min_samples_split': 2, 'min_samples_leaf': 1, 'min_impurity_decrease': 0.05, 'criterion': 'entropy', 'splitter': 'best'}
9,0.7063061918674401,0.7773919753086419,0.7159841479524438,0.791005291005291,0.7123287671232876,0.8007246376811594,0.6135693215339233,0.6820987654320988,0.6592709984152139,0.7366666666666668,DecisionTreeClassifier,{'max_depth': None, 'min_samples_split': 2, 'min_samples_leaf': 1, 'min_impurity_decrease': 0.05, 'criterion': 'entropy', 'splitter': 'random'}
10,0.7063061918674401,0.7773919753086419,0.7159841479524438,0.791005291005291,0.7123287671232876,0.8007246376811594,0.6135693215339233,0.6820987654320988,0.6592709984152139,0.7366666666666668,DecisionTreeClassifier,{'max_depth': None, 'min_samples_split': 2, 'min_samples_leaf': 1, 'min_impurity_decrease': 0.05, 'criterion': 'log_loss', 'splitter': 'best'}
11,0.7063061918674401,0.7773919753086419,0.7159841479524438,0.791005291005291,0.7123287671232876,0.8007246376811594,0.6135693215339233,0.6820987654320988,0.6592709984152139,0.7366666666666668,DecisionTreeClassifier,{'max_depth': None, 'min_samples_split': 2, 'min_samples_leaf': 1, 'min_impurity_decrease': 0.05, 'criterion': 'log_loss', 'splitter': 'random'}
12,0.5,0.5,0.5521796565389696,0.5714285714285714,0.0,0.0,0.0,0.0,0.0,0.0,DecisionTreeClassifier,{'max_depth': None, 'min_samples_split': 2, 'min_samples_leaf': 1, 'min_impurity_decrease': 0.1, 'criterion': 'gini', 'splitter': 'best'}
13,0.5,0.5,0.5521796565389696,0.5714285714285714,0.0,0.0,0.0,0.0,0.0,0.0,DecisionTreeClassifier,{'max_depth': None, 'min_samples_split': 2, 'min_samples_leaf': 1, 'min_impurity_decrease': 0.1, 'criterion': 'gini', 'splitter': 'random'}
14,0.5,0.5,0.5521796565389696,0.5714285714285714,0.0,0.0,0.0,0.0,0.0,0.0,DecisionTreeClassifier,{'max_depth': None, 'min_samples_split': 2, 'min_samples_leaf': 1, 'min_impurity_decrease': 0.1, 'criterion': 'entropy', 'splitter': 'best'}
15,0.5,0.5,0.5521796565389696,0.5714285714285714,0.0,0.0,0.0,0.0,0.0,0.0,DecisionTreeClassifier,{'max_depth': None, 'min_samples_split': 2, 'min_samples_leaf': 1, 'min_impurity_decrease': 0.1, 'criterion': 'entropy', 'splitter': 'random'}
16,0.5,0.5,0.5521796565389696,0.5714285714285714,0.0,0.0,0.0,0.0,0.0,0.0,DecisionTreeClassifier,{'max_depth': None, 'min_samples_split': 2, 'min_samples_leaf': 1, 'min_impurity_decrease': 0.1, 'criterion': 'log_loss', 'splitter': 'best'}
17,0.5,0.5,0.5521796565389696,0.5714285714285714,0.0,0.0,0.0,0.0,0.0,0.0,DecisionTreeClassifier,{'max_depth': None, 'min_samples_split': 2, 'min_samples_leaf': 1, 'min_impurity_decrease': 0.1, 'criterion': 'log_loss', 'splitter': 'random'}
18,0.5,0.5,0.5521796565389696,0.5714285714285714,0.0,0.0,0.0,0.0,0.0,0.0,DecisionTreeClassifier,{'max_depth': None, 'min_samples_split': 2, 'min_samples_leaf': 1, 'min_impurity_decrease': 0.2, 'criterion': 'gini', 'splitter': 'best'}
19,0.5,0.5,0.5521796565389696,0.5714285714285714,0.0,0.0,0.0,0.0,0.0,0.0,DecisionTreeClassifier,{'max_depth': None, 'min_samples_split': 2, 'min_samples_leaf': 1, 'min_impurity_decrease': 0.2, 'criterion': 'gini', 'splitter': 'random'}
20,0.5,0.5,0.5521796565389696,0.5714285714285714,0.0,0.0,0.0,0.0,0.0,0.0,DecisionTreeClassifier,{'max_depth': None, 'min_samples_split': 2, 'min_samples_leaf': 1, 'min_impurity_decrease': 0.2, 'criterion': 'entropy', 'splitter': 'best'}
21,0.5,0.5,0.5521796565389696,0.5714285714285714,0.0,0.0,0.0,0.0,0.0,0.0,DecisionTreeClassifier,{'max_depth': None, 'min_samples_split': 2, 'min_samples_leaf': 1, 'min_impurity_decrease': 0.2, 'criterion': 'entropy', 'splitter': 'random'}
22,0.5,0.5,0.5521796565389696,0.5714285714285714,0.0,0.0,0.0,0.0,0.0,0.0,DecisionTreeClassifier,{'max_depth': None, 'min_samples_split': 2, 'min_samples_leaf': 1, 'min_impurity_decrease': 0.2, 'criterion': 'log_loss', 'splitter': 'best'}
23,0.5,0.5,0.5521796565389696,0.5714285714285714,0.0,0.0,0.0,0.0,0.0,0.0,DecisionTreeClassifier,{'max_depth': None, 'min_samples_split': 2, 'min_samples_leaf': 1, 'min_impurity_decrease': 0.2, 'criterion': 'log_loss', 'splitter': 'random'}
24,0.7671380785027735,0.9347993827160495,0.7714663143989432,0.9417989417989417,0.754601226993865,0.9761904761904762,0.7256637168141593,0.8858024691358025,0.7398496240601505,0.9288025889967637,DecisionTreeClassifier,{'max_depth': None, 'min_samples_split': 2, 'min_samples_leaf': 2, 'min_impurity_decrease': 0, 'criterion': 'gini', 'splitter': 'best'}
25,0.7715628572638353,0.931712962962963,0.7754293262879789,0.9391534391534392,0.756838905775076,0.976027397260274,0.7345132743362832,0.8796296296296297,0.7455089820359282,0.9253246753246753,DecisionTreeClassifier,{'max_depth': None, 'min_samples_split': 2, 'min_samples_leaf': 2, 'min_impurity_decrease': 0, 'criterion': 'gini', 'splitter': 'random'}
26,0.7651056442393191,0.9560185185185185,0.7701453104359313,0.958994708994709,0.7570093457943925,0.9680511182108626,0.7168141592920354,0.9351851851851852,0.7363636363636364,0.9513343799058085,DecisionTreeClassifier,{'max_depth': None, 'min_samples_split': 2, 'min_samples_leaf': 2, 'min_impurity_decrease': 0, 'criterion': 'entropy', 'splitter': 'best'}
27,0.7718416112687189,0.9571759259259258,0.7754293262879789,0.9603174603174603,0.7552870090634441,0.9711538461538461,0.7374631268436578,0.9351851851851852,0.7462686567164178,0.9528301886792453,DecisionTreeClassifier,{'max_depth': None, 'min_samples_split': 2, 'min_samples_leaf': 2, 'min_impurity_decrease': 0, 'criterion': 'entropy', 'splitter': 'random'}
28,0.7585672749855331,0.9552469135802469,0.7635402906208718,0.958994708994709,0.7484472049689441,0.9741100323624595,0.7109144542772862,0.9290123456790124,0.7291981845688351,0.9510268562401264,DecisionTreeClassifier,{'max_depth': None, 'min_samples_split': 2, 'min_samples_leaf': 2, 'min_impurity_decrease': 0, 'criterion': 'log_loss', 'splitter': 'best'}
29,0.7562560867171952,0.9540895061728394,0.76221928665786,0.9576719576719577,0.7523809523809524,0.9709677419354839,0.6991150442477876,0.9290123456790124,0.7247706422018347,0.9495268138801262,DecisionTreeClassifier,{'max_depth': None, 'min_samples_split': 2, 'min_samples_leaf': 2, 'min_impurity_decrease': 0, 'criterion': 'log_loss', 'splitter': 'random'}
30,0.5,0.5,0.5521796565389696,0.5714285714285714,0.0,0.0,0.0,0.0,0.0,0.0,DecisionTreeClassifier,{'max_depth': None, 'min_samples_split': 2, 'min_samples_leaf': 2, 'min_impurity_decrease': 0.05, 'criterion': 'gini', 'splitter': 'best'}
31,0.5,0.5,0.5521796565389696,0.5714285714285714,0.0,0.0,0.0,0.0,0.0,0.0,DecisionTreeClassifier,{'max_depth': None, 'min_samples_split': 2, 'min_samples_leaf': 2, 'min_impurity_decrease': 0.05, 'criterion': 'gini', 'splitter': 'random'}
32,0.7063061918674401,0.7773919753086419,0.7159841479524438,0.791005291005291,0.7123287671232876,0.8007246376811594,0.6135693215339233,0.6820987654320988,0.6592709984152139,0.7366666666666668,DecisionTreeClassifier,{'max_depth': None, 'min_samples_split': 2, 'min_samples_leaf': 2, 'min_impurity_decrease': 0.05, 'criterion': 'entropy', 'splitter': 'best'}
33,0.7063061918674401,0.7773919753086419,0.7159841479524438,0.791005291005291,0.7123287671232876,0.8007246376811594,0.6135693215339233,0.6820987654320988,0.6592709984152139,0.7366666666666668,DecisionTreeClassifier,{'max_depth': None, 'min_samples_split': 2, 'min_samples_leaf': 2, 'min_impurity_decrease': 0.05, 'criterion': 'entropy', 'splitter': 'random'}
34,0.7063061918674401,0.7773919753086419,0.7159841479524438,0.791005291005291,0.7123287671232876,0.8007246376811594,0.6135693215339233,0.6820987654320988,0.6592709984152139,0.7366666666666668,DecisionTreeClassifier,{'max_depth': None, 'min_samples_split': 2, 'min_samples_leaf': 2, 'min_impurity_decrease': 0.05, 'criterion': 'log_loss', 'splitter': 'best'}
35,0.7063061918674401,0.7773919753086419,0.7159841479524438,0.791005291005291,0.7123287671232876,0.8007246376811594,0.6135693215339233,0.6820987654320988,0.6592709984152139,0.7366666666666668,DecisionTreeClassifier,{'max_depth': None, 'min_samples_split': 2, 'min_samples_leaf': 2, 'min_impurity_decrease': 0.05, 'criterion': 'log_loss', 'splitter': 'random'}
36,0.5,0.5,0.5521796565389696,0.5714285714285714,0.0,0.0,0.0,0.0,0.0,0.0,DecisionTreeClassifier,{'max_depth': None, 'min_samples_split': 2, 'min_samples_leaf': 2, 'min_impurity_decrease': 0.1, 'criterion': 'gini', 'splitter': 'best'}
37,0.5,0.5,0.5521796565389696,0.5714285714285714,0.0,0.0,0.0,0.0,0.0,0.0,DecisionTreeClassifier,{'max_depth': None, 'min_samples_split': 2, 'min_samples_leaf': 2, 'min_impurity_decrease': 0.1, 'criterion': 'gini', 'splitter': 'random'}
38,0.5,0.5,0.5521796565389696,0.5714285714285714,0.0,0.0,0.0,0.0,0.0,0.0,DecisionTreeClassifier,{'max_depth': None, 'min_samples_split': 2, 'min_samples_leaf': 2, 'min_impurity_decrease': 0.1, 'criterion': 'entropy', 'splitter': 'best'}
39,0.5,0.5,0.5521796565389696,0.5714285714285714,0.0,0.0,0.0,0.0,0.0,0.0,DecisionTreeClassifier,{'max_depth': None, 'min_samples_split': 2, 'min_samples_leaf': 2, 'min_impurity_decrease': 0.1, 'criterion': 'entropy', 'splitter': 'random'}
40,0.5,0.5,0.5521796565389696,0.5714285714285714,0.0,0.0,0.0,0.0,0.0,0.0,DecisionTreeClassifier,{'max_depth': None, 'min_samples_split': 2, 'min_samples_leaf': 2, 'min_impurity_decrease': 0.1, 'criterion': 'log_loss', 'splitter': 'best'}
41,0.5,0.5,0.5521796565389696,0.5714285714285714,0.0,0.0,0.0,0.0,0.0,0.0,DecisionTreeClassifier,{'max_depth': None, 'min_samples_split': 2, 'min_samples_leaf': 2, 'min_impurity_decrease': 0.1, 'criterion': 'log_loss', 'splitter': 'random'}
42,0.5,0.5,0.5521796565389696,0.5714285714285714,0.0,0.0,0.0,0.0,0.0,0.0,DecisionTreeClassifier,{'max_depth': None, 'min_samples_split': 2, 'min_samples_leaf': 2, 'min_impurity_decrease': 0.2, 'criterion': 'gini', 'splitter': 'best'}
43,0.5,0.5,0.5521796565389696,0.5714285714285714,0.0,0.0,0.0,0.0,0.0,0.0,DecisionTreeClassifier,{'max_depth': None, 'min_samples_split': 2, 'min_samples_leaf': 2, 'min_impurity_decrease': 0.2, 'criterion': 'gini', 'splitter': 'random'}
44,0.5,0.5,0.5521796565389696,0.5714285714285714,0.0,0.0,0.0,0.0,0.0,0.0,DecisionTreeClassifier,{'max_depth': None, 'min_samples_split': 2, 'min_samples_leaf': 2, 'min_impurity_decrease': 0.2, 'criterion': 'entropy', 'splitter': 'best'}
45,0.5,0.5,0.5521796565389696,0.5714285714285714,0.0,0.0,0.0,0.0,0.0,0.0,DecisionTreeClassifier,{'max_depth': None, 'min_samples_split': 2, 'min_samples_leaf': 2, 'min_impurity_decrease': 0.2, 'criterion': 'entropy', 'splitter': 'random'}
46,0.5,0.5,0.5521796565389696,0.5714285714285714,0.0,0.0,0.0,0.0,0.0,0.0,DecisionTreeClassifier,{'max_depth': None, 'min_samples_split': 2, 'min_samples_leaf': 2, 'min_impurity_decrease': 0.2, 'criterion': 'log_loss', 'splitter': 'best'}
47,0.5,0.5,0.5521796565389696,0.5714285714285714,0.0,0.0,0.0,0.0,0.0,0.0,DecisionTreeClassifier,{'max_depth': None, 'min_samples_split': 2, 'min_samples_leaf': 2, 'min_impurity_decrease': 0.2, 'criterion': 'log_loss', 'splitter': 'random'}
48,0.7758711944785536,0.8815586419753086,0.7820343461030383,0.8902116402116402,0.7788461538461539,0.9140893470790378,0.7168141592920354,0.8209876543209876,0.7465437788018434,0.865040650406504,DecisionTreeClassifier,{'max_depth': None, 'min_samples_split': 2, 'min_samples_leaf': 4, 'min_impurity_decrease': 0, 'criterion': 'gini', 'splitter': 'best'}
49,0.7829670717421067,0.8815586419753086,0.7886393659180978,0.8902116402116402,0.7841269841269841,0.9140893470790378,0.7286135693215339,0.8209876543209876,0.7553516819571865,0.865040650406504,DecisionTreeClassifier,{'max_depth': None, 'min_samples_split': 2, 'min_samples_leaf': 4, 'min_impurity_decrease': 0, 'criterion': 'gini', 'splitter': 'random'}
50,0.7619581939563309,0.8935185185185186,0.7688243064729194,0.9021164021164021,0.7662337662337663,0.9310344827586207,0.696165191740413,0.8333333333333334,0.7295208655332303,0.8794788273615635,DecisionTreeClassifier,{'max_depth': None, 'min_samples_split': 2, 'min_samples_leaf': 4, 'min_impurity_decrease': 0, 'criterion': 'entropy', 'splitter': 'best'}
51,0.7869507840397454,0.8962191358024691,0.7899603698811096,0.9021164021164021,0.7694610778443114,0.9111842105263158,0.7581120943952803,0.8549382716049383,0.763744427934621,0.8821656050955414,DecisionTreeClassifier,{'max_depth': None, 'min_samples_split': 2, 'min_samples_leaf': 4, 'min_impurity_decrease': 0, 'criterion': 'entropy', 'splitter': 'random'}
52,0.7610407757124105,0.8935185185185186,0.7675033025099075,0.9021164021164021,0.7620578778135049,0.9310344827586207,0.6991150442477876,0.8333333333333334,0.7292307692307692,0.8794788273615635,DecisionTreeClassifier,{'max_depth': None, 'min_samples_split': 2, 'min_samples_leaf': 4, 'min_impurity_decrease': 0, 'criterion': 'log_loss', 'splitter': 'best'}
53,0.7875082920495123,0.8939043209876543,0.7899603698811096,0.8994708994708994,0.7662721893491125,0.9052287581699346,0.7640117994100295,0.8549382716049383,0.7651403249630723,0.8793650793650795,DecisionTreeClassifier,{'max_depth': None, 'min_samples_split': 2, 'min_samples_leaf': 4, 'min_impurity_decrease': 0, 'criterion': 'log_loss', 'splitter': 'random'}
54,0.5,0.5,0.5521796565389696,0.5714285714285714,0.0,0.0,0.0,0.0,0.0,0.0,DecisionTreeClassifier,{'max_depth': None, 'min_samples_split': 2, 'min_samples_leaf': 4, 'min_impurity_decrease': 0.05, 'criterion': 'gini', 'splitter': 'best'}
55,0.5,0.5,0.5521796565389696,0.5714285714285714,0.0,0.0,0.0,0.0,0.0,0.0,DecisionTreeClassifier,{'max_depth': None, 'min_samples_split': 2, 'min_samples_leaf': 4, 'min_impurity_decrease': 0.05, 'criterion': 'gini', 'splitter': 'random'}
56,0.7063061918674401,0.7773919753086419,0.7159841479524438,0.791005291005291,0.7123287671232876,0.8007246376811594,0.6135693215339233,0.6820987654320988,0.6592709984152139,0.7366666666666668,DecisionTreeClassifier,{'max_depth': None, 'min_samples_split': 2, 'min_samples_leaf': 4, 'min_impurity_decrease': 0.05, 'criterion': 'entropy', 'splitter': 'best'}
57,0.7063061918674401,0.7773919753086419,0.7159841479524438,0.791005291005291,0.7123287671232876,0.8007246376811594,0.6135693215339233,0.6820987654320988,0.6592709984152139,0.7366666666666668,DecisionTreeClassifier,{'max_depth': None, 'min_samples_split': 2, 'min_samples_leaf': 4, 'min_impurity_decrease': 0.05, 'criterion': 'entropy', 'splitter': 'random'}
58,0.7063061918674401,0.7773919753086419,0.7159841479524438,0.791005291005291,0.7123287671232876,0.8007246376811594,0.6135693215339233,0.6820987654320988,0.6592709984152139,0.7366666666666668,DecisionTreeClassifier,{'max_depth': None, 'min_samples_split': 2, 'min_samples_leaf': 4, 'min_impurity_decrease': 0.05, 'criterion': 'log_loss', 'splitter': 'best'}
59,0.7063061918674401,0.7773919753086419,0.7159841479524438,0.791005291005291,0.7123287671232876,0.8007246376811594,0.6135693215339233,0.6820987654320988,0.6592709984152139,0.7366666666666668,DecisionTreeClassifier,{'max_depth': None, 'min_samples_split': 2, 'min_samples_leaf': 4, 'min_impurity_decrease': 0.05, 'criterion': 'log_loss', 'splitter': 'random'}
60,0.5,0.5,0.5521796565389696,0.5714285714285714,0.0,0.0,0.0,0.0,0.0,0.0,DecisionTreeClassifier,{'max_depth': None, 'min_samples_split': 2, 'min_samples_leaf': 4, 'min_impurity_decrease': 0.1, 'criterion': 'gini', 'splitter': 'best'}
61,0.5,0.5,0.5521796565389696,0.5714285714285714,0.0,0.0,0.0,0.0,0.0,0.0,DecisionTreeClassifier,{'max_depth': None, 'min_samples_split': 2, 'min_samples_leaf': 4, 'min_impurity_decrease': 0.1, 'criterion': 'gini', 'splitter': 'random'}
62,0.5,0.5,0.5521796565389696,0.5714285714285714,0.0,0.0,0.0,0.0,0.0,0.0,DecisionTreeClassifier,{'max_depth': None, 'min_samples_split': 2, 'min_samples_leaf': 4, 'min_impurity_decrease': 0.1, 'criterion': 'entropy', 'splitter': 'best'}
63,0.5,0.5,0.5521796565389696,0.5714285714285714,0.0,0.0,0.0,0.0,0.0,0.0,DecisionTreeClassifier,{'max_depth': None, 'min_samples_split': 2, 'min_samples_leaf': 4, 'min_impurity_decrease': 0.1, 'criterion': 'entropy', 'splitter': 'random'}
64,0.5,0.5,0.5521796565389696,0.5714285714285714,0.0,0.0,0.0,0.0,0.0,0.0,DecisionTreeClassifier,{'max_depth': None, 'min_samples_split': 2, 'min_samples_leaf': 4, 'min_impurity_decrease': 0.1, 'criterion': 'log_loss', 'splitter': 'best'}
65,0.5,0.5,0.5521796565389696,0.5714285714285714,0.0,0.0,0.0,0.0,0.0,0.0,DecisionTreeClassifier,{'max_depth': None, 'min_samples_split': 2, 'min_samples_leaf': 4, 'min_impurity_decrease': 0.1, 'criterion': 'log_loss', 'splitter': 'random'}
66,0.5,0.5,0.5521796565389696,0.5714285714285714,0.0,0.0,0.0,0.0,0.0,0.0,DecisionTreeClassifier,{'max_depth': None, 'min_samples_split': 2, 'min_samples_leaf': 4, 'min_impurity_decrease': 0.2, 'criterion': 'gini', 'splitter': 'best'}
67,0.5,0.5,0.5521796565389696,0.5714285714285714,0.0,0.0,0.0,0.0,0.0,0.0,DecisionTreeClassifier,{'max_depth': None, 'min_samples_split': 2, 'min_samples_leaf': 4, 'min_impurity_decrease': 0.2, 'criterion': 'gini', 'splitter': 'random'}
68,0.5,0.5,0.5521796565389696,0.5714285714285714,0.0,0.0,0.0,0.0,0.0,0.0,DecisionTreeClassifier,{'max_depth': None, 'min_samples_split': 2, 'min_samples_leaf': 4, 'min_impurity_decrease': 0.2, 'criterion': 'entropy', 'splitter': 'best'}
69,0.5,0.5,0.5521796565389696,0.5714285714285714,0.0,0.0,0.0,0.0,0.0,0.0,DecisionTreeClassifier,{'max_depth': None, 'min_samples_split': 2, 'min_samples_leaf': 4, 'min_impurity_decrease': 0.2, 'criterion': 'entropy', 'splitter': 'random'}
70,0.5,0.5,0.5521796565389696,0.5714285714285714,0.0,0.0,0.0,0.0,0.0,0.0,DecisionTreeClassifier,{'max_depth': None, 'min_samples_split': 2, 'min_samples_leaf': 4, 'min_impurity_decrease': 0.2, 'criterion': 'log_loss', 'splitter': 'best'}
71,0.5,0.5,0.5521796565389696,0.5714285714285714,0.0,0.0,0.0,0.0,0.0,0.0,DecisionTreeClassifier,{'max_depth': None, 'min_samples_split': 2, 'min_samples_leaf': 4, 'min_impurity_decrease': 0.2, 'criterion': 'log_loss', 'splitter': 'random'}
72,0.7638636010783193,0.9780092592592593,0.7635402906208718,0.9788359788359788,0.7222222222222222,0.9782608695652174,0.7669616519174042,0.9722222222222222,0.7439198855507868,0.9752321981424149,DecisionTreeClassifier,{'max_depth': None, 'min_samples_split': 5, 'min_samples_leaf': 1, 'min_impurity_decrease': 0, 'criterion': 'gini', 'splitter': 'best'}
73,0.7591600683123738,0.9710648148148149,0.7595772787318362,0.9735449735449735,0.7211267605633803,0.9840764331210191,0.7551622418879056,0.9537037037037037,0.7377521613832854,0.9686520376175549,DecisionTreeClassifier,{'max_depth': None, 'min_samples_split': 5, 'min_samples_leaf': 1, 'min_impurity_decrease': 0, 'criterion': 'gini', 'splitter': 'random'}
74,0.7859522095665552,0.9826388888888887,0.7873183619550859,0.9828042328042328,0.7572254335260116,0.9784615384615385,0.7728613569321534,0.9814814814814815,0.7649635036496351,0.9799691833590138,DecisionTreeClassifier,{'max_depth': None, 'min_samples_split': 5, 'min_samples_leaf': 1, 'min_impurity_decrease': 0, 'criterion': 'entropy', 'splitter': 'best'}
75,0.790458144556887,0.9837962962962963,0.7926023778071334,0.9841269841269841,0.7676470588235295,0.9814814814814815,0.7699115044247787,0.9814814814814815,0.7687776141384389,0.9814814814814815,DecisionTreeClassifier,{'max_depth': None, 'min_samples_split': 5, 'min_samples_leaf': 1, 'min_impurity_decrease': 0, 'criterion': 'entropy', 'splitter': 'random'}
76,0.7809699227957262,0.9803240740740742,0.7833553500660502,0.9814814814814815,0.7581120943952803,0.984375,0.7581120943952803,0.9722222222222222,0.7581120943952803,0.9782608695652173,DecisionTreeClassifier,{'max_depth': None, 'min_samples_split': 5, 'min_samples_leaf': 1, 'min_impurity_decrease': 0, 'criterion': 'log_loss', 'splitter': 'best'}
77,0.7851971037811746,0.9818672839506172,0.7886393659180978,0.9828042328042328,0.770392749244713,0.9844236760124611,0.7522123893805309,0.9753086419753086,0.7611940298507462,0.9798449612403102,DecisionTreeClassifier,{'max_depth': None, 'min_samples_split': 5, 'min_samples_leaf': 1, 'min_impurity_decrease': 0, 'criterion': 'log_loss', 'splitter': 'random'}
78,0.5,0.5,0.5521796565389696,0.5714285714285714,0.0,0.0,0.0,0.0,0.0,0.0,DecisionTreeClassifier,{'max_depth': None, 'min_samples_split': 5, 'min_samples_leaf': 1, 'min_impurity_decrease': 0.05, 'criterion': 'gini', 'splitter': 'best'}
79,0.5,0.5,0.5521796565389696,0.5714285714285714,0.0,0.0,0.0,0.0,0.0,0.0,DecisionTreeClassifier,{'max_depth': None, 'min_samples_split': 5, 'min_samples_leaf': 1, 'min_impurity_decrease': 0.05, 'criterion': 'gini', 'splitter': 'random'}
80,0.7063061918674401,0.7773919753086419,0.7159841479524438,0.791005291005291,0.7123287671232876,0.8007246376811594,0.6135693215339233,0.6820987654320988,0.6592709984152139,0.7366666666666668,DecisionTreeClassifier,{'max_depth': None, 'min_samples_split': 5, 'min_samples_leaf': 1, 'min_impurity_decrease': 0.05, 'criterion': 'entropy', 'splitter': 'best'}
81,0.7063061918674401,0.7773919753086419,0.7159841479524438,0.791005291005291,0.7123287671232876,0.8007246376811594,0.6135693215339233,0.6820987654320988,0.6592709984152139,0.7366666666666668,DecisionTreeClassifier,{'max_depth': None, 'min_samples_split': 5, 'min_samples_leaf': 1, 'min_impurity_decrease': 0.05, 'criterion': 'entropy', 'splitter': 'random'}
82,0.7063061918674401,0.7773919753086419,0.7159841479524438,0.791005291005291,0.7123287671232876,0.8007246376811594,0.6135693215339233,0.6820987654320988,0.6592709984152139,0.7366666666666668,DecisionTreeClassifier,{'max_depth': None, 'min_samples_split': 5, 'min_samples_leaf': 1, 'min_impurity_decrease': 0.05, 'criterion': 'log_loss', 'splitter': 'best'}
83,0.7063061918674401,0.7773919753086419,0.7159841479524438,0.791005291005291,0.7123287671232876,0.8007246376811594,0.6135693215339233,0.6820987654320988,0.6592709984152139,0.7366666666666668,DecisionTreeClassifier,{'max_depth': None, 'min_samples_split': 5, 'min_samples_leaf': 1, 'min_impurity_decrease': 0.05, 'criterion': 'log_loss', 'splitter': 'random'}
84,0.5,0.5,0.5521796565389696,0.5714285714285714,0.0,0.0,0.0,0.0,0.0,0.0,DecisionTreeClassifier,{'max_depth': None, 'min_samples_split': 5, 'min_samples_leaf': 1, 'min_impurity_decrease': 0.1, 'criterion': 'gini', 'splitter': 'best'}
85,0.5,0.5,0.5521796565389696,0.5714285714285714,0.0,0.0,0.0,0.0,0.0,0.0,DecisionTreeClassifier,{'max_depth': None, 'min_samples_split': 5, 'min_samples_leaf': 1, 'min_impurity_decrease': 0.1, 'criterion': 'gini', 'splitter': 'random'}
86,0.5,0.5,0.5521796565389696,0.5714285714285714,0.0,0.0,0.0,0.0,0.0,0.0,DecisionTreeClassifier,{'max_depth': None, 'min_samples_split': 5, 'min_samples_leaf': 1, 'min_impurity_decrease': 0.1, 'criterion': 'entropy', 'splitter': 'best'}
87,0.5,0.5,0.5521796565389696,0.5714285714285714,0.0,0.0,0.0,0.0,0.0,0.0,DecisionTreeClassifier,{'max_depth': None, 'min_samples_split': 5, 'min_samples_leaf': 1, 'min_impurity_decrease': 0.1, 'criterion': 'entropy', 'splitter': 'random'}
88,0.5,0.5,0.5521796565389696,0.5714285714285714,0.0,0.0,0.0,0.0,0.0,0.0,DecisionTreeClassifier,{'max_depth': None, 'min_samples_split': 5, 'min_samples_leaf': 1, 'min_impurity_decrease': 0.1, 'criterion': 'log_loss', 'splitter': 'best'}
89,0.5,0.5,0.5521796565389696,0.5714285714285714,0.0,0.0,0.0,0.0,0.0,0.0,DecisionTreeClassifier,{'max_depth': None, 'min_samples_split': 5, 'min_samples_leaf': 1, 'min_impurity_decrease': 0.1, 'criterion': 'log_loss', 'splitter': 'random'}
90,0.5,0.5,0.5521796565389696,0.5714285714285714,0.0,0.0,0.0,0.0,0.0,0.0,DecisionTreeClassifier,{'max_depth': None, 'min_samples_split': 5, 'min_samples_leaf': 1, 'min_impurity_decrease': 0.2, 'criterion': 'gini', 'splitter': 'best'}
91,0.5,0.5,0.5521796565389696,0.5714285714285714,0.0,0.0,0.0,0.0,0.0,0.0,DecisionTreeClassifier,{'max_depth': None, 'min_samples_split': 5, 'min_samples_leaf': 1, 'min_impurity_decrease': 0.2, 'criterion': 'gini', 'splitter': 'random'}
92,0.5,0.5,0.5521796565389696,0.5714285714285714,0.0,0.0,0.0,0.0,0.0,0.0,DecisionTreeClassifier,{'max_depth': None, 'min_samples_split': 5, 'min_samples_leaf': 1, 'min_impurity_decrease': 0.2, 'criterion': 'entropy', 'splitter': 'best'}
93,0.5,0.5,0.5521796565389696,0.5714285714285714,0.0,0.0,0.0,0.0,0.0,0.0,DecisionTreeClassifier,{'max_depth': None, 'min_samples_split': 5, 'min_samples_leaf': 1, 'min_impurity_decrease': 0.2, 'criterion': 'entropy', 'splitter': 'random'}
94,0.5,0.5,0.5521796565389696,0.5714285714285714,0.0,0.0,0.0,0.0,0.0,0.0,DecisionTreeClassifier,{'max_depth': None, 'min_samples_split': 5, 'min_samples_leaf': 1, 'min_impurity_decrease': 0.2, 'criterion': 'log_loss', 'splitter': 'best'}
95,0.5,0.5,0.5521796565389696,0.5714285714285714,0.0,0.0,0.0,0.0,0.0,0.0,DecisionTreeClassifier,{'max_depth': None, 'min_samples_split': 5, 'min_samples_leaf': 1, 'min_impurity_decrease': 0.2, 'criterion': 'log_loss', 'splitter': 'random'}
96,0.7659419062539696,0.9286265432098765,0.7701453104359313,0.9351851851851852,0.7522935779816514,0.9629629629629629,0.7256637168141593,0.8827160493827161,0.7387387387387386,0.9210950080515299,DecisionTreeClassifier,{'max_depth': None, 'min_samples_split': 5, 'min_samples_leaf': 2, 'min_impurity_decrease': 0, 'criterion': 'gini', 'splitter': 'best'}
97,0.7639094719905152,0.9270833333333335,0.7688243064729194,0.9338624338624338,0.7546583850931677,0.9628378378378378,0.7168141592920354,0.8796296296296297,0.735249621785174,0.9193548387096774,DecisionTreeClassifier,{'max_depth': None, 'min_samples_split': 5, 'min_samples_leaf': 2, 'min_impurity_decrease': 0, 'criterion': 'gini', 'splitter': 'random'}
98,0.7542236524537409,0.9506172839506174,0.760898282694848,0.955026455026455,0.7548387096774194,0.9738562091503268,0.6902654867256637,0.9197530864197531,0.7211093990755008,0.946031746031746,DecisionTreeClassifier,{'max_depth': None, 'min_samples_split': 5, 'min_samples_leaf': 2, 'min_impurity_decrease': 0, 'criterion': 'entropy', 'splitter': 'best'}
99,0.7604021114733737,0.9540895061728394,0.7661822985468957,0.9576719576719577,0.7563291139240507,0.9709677419354839,0.7050147492625368,0.9290123456790124,0.7297709923664123,0.9495268138801262,DecisionTreeClassifier,{'max_depth': None, 'min_samples_split': 5, 'min_samples_leaf': 2, 'min_impurity_decrease': 0, 'criterion': 'entropy', 'splitter': 'random'}
100,0.7570923487318457,0.94945987654321,0.76221928665786,0.9537037037037037,0.7476635514018691,0.9706840390879479,0.7079646017699115,0.9197530864197531,0.7272727272727274,0.9445324881141045,DecisionTreeClassifier,{'max_depth': None, 'min_samples_split': 5, 'min_samples_leaf': 2, 'min_impurity_decrease': 0, 'criterion': 'log_loss', 'splitter': 'best'}
101,0.7695304230003812,0.951388888888889,0.774108322324967,0.955026455026455,0.7592592592592593,0.967741935483871,0.7256637168141593,0.9259259259259259,0.742081447963801,0.9463722397476341,DecisionTreeClassifier,{'max_depth': None, 'min_samples_split': 5, 'min_samples_leaf': 2, 'min_impurity_decrease': 0, 'criterion': 'log_loss', 'splitter': 'random'}
102,0.5,0.5,0.5521796565389696,0.5714285714285714,0.0,0.0,0.0,0.0,0.0,0.0,DecisionTreeClassifier,{'max_depth': None, 'min_samples_split': 5, 'min_samples_leaf': 2, 'min_impurity_decrease': 0.05, 'criterion': 'gini', 'splitter': 'best'}
103,0.5,0.5,0.5521796565389696,0.5714285714285714,0.0,0.0,0.0,0.0,0.0,0.0,DecisionTreeClassifier,{'max_depth': None, 'min_samples_split': 5, 'min_samples_leaf': 2, 'min_impurity_decrease': 0.05, 'criterion': 'gini', 'splitter': 'random'}
104,0.7063061918674401,0.7773919753086419,0.7159841479524438,0.791005291005291,0.7123287671232876,0.8007246376811594,0.6135693215339233,0.6820987654320988,0.6592709984152139,0.7366666666666668,DecisionTreeClassifier,{'max_depth': None, 'min_samples_split': 5, 'min_samples_leaf': 2, 'min_impurity_decrease': 0.05, 'criterion': 'entropy', 'splitter': 'best'}
105,0.7063061918674401,0.7773919753086419,0.7159841479524438,0.791005291005291,0.7123287671232876,0.8007246376811594,0.6135693215339233,0.6820987654320988,0.6592709984152139,0.7366666666666668,DecisionTreeClassifier,{'max_depth': None, 'min_samples_split': 5, 'min_samples_leaf': 2, 'min_impurity_decrease': 0.05, 'criterion': 'entropy', 'splitter': 'random'}
106,0.7063061918674401,0.7773919753086419,0.7159841479524438,0.791005291005291,0.7123287671232876,0.8007246376811594,0.6135693215339233,0.6820987654320988,0.6592709984152139,0.7366666666666668,DecisionTreeClassifier,{'max_depth': None, 'min_samples_split': 5, 'min_samples_leaf': 2, 'min_impurity_decrease': 0.05, 'criterion': 'log_loss', 'splitter': 'best'}
107,0.7063061918674401,0.7773919753086419,0.7159841479524438,0.791005291005291,0.7123287671232876,0.8007246376811594,0.6135693215339233,0.6820987654320988,0.6592709984152139,0.7366666666666668,DecisionTreeClassifier,{'max_depth': None, 'min_samples_split': 5, 'min_samples_leaf': 2, 'min_impurity_decrease': 0.05, 'criterion': 'log_loss', 'splitter': 'random'}
108,0.5,0.5,0.5521796565389696,0.5714285714285714,0.0,0.0,0.0,0.0,0.0,0.0,DecisionTreeClassifier,{'max_depth': None, 'min_samples_split': 5, 'min_samples_leaf': 2, 'min_impurity_decrease': 0.1, 'criterion': 'gini', 'splitter': 'best'}
109,0.5,0.5,0.5521796565389696,0.5714285714285714,0.0,0.0,0.0,0.0,0.0,0.0,DecisionTreeClassifier,{'max_depth': None, 'min_samples_split': 5, 'min_samples_leaf': 2, 'min_impurity_decrease': 0.1, 'criterion': 'gini', 'splitter': 'random'}
110,0.5,0.5,0.5521796565389696,0.5714285714285714,0.0,0.0,0.0,0.0,0.0,0.0,DecisionTreeClassifier,{'max_depth': None, 'min_samples_split': 5, 'min_samples_leaf': 2, 'min_impurity_decrease': 0.1, 'criterion': 'entropy', 'splitter': 'best'}
111,0.5,0.5,0.5521796565389696,0.5714285714285714,0.0,0.0,0.0,0.0,0.0,0.0,DecisionTreeClassifier,{'max_depth': None, 'min_samples_split': 5, 'min_samples_leaf': 2, 'min_impurity_decrease': 0.1, 'criterion': 'entropy', 'splitter': 'random'}
112,0.5,0.5,0.5521796565389696,0.5714285714285714,0.0,0.0,0.0,0.0,0.0,0.0,DecisionTreeClassifier,{'max_depth': None, 'min_samples_split': 5, 'min_samples_leaf': 2, 'min_impurity_decrease': 0.1, 'criterion': 'log_loss', 'splitter': 'best'}
113,0.5,0.5,0.5521796565389696,0.5714285714285714,0.0,0.0,0.0,0.0,0.0,0.0,DecisionTreeClassifier,{'max_depth': None, 'min_samples_split': 5, 'min_samples_leaf': 2, 'min_impurity_decrease': 0.1, 'criterion': 'log_loss', 'splitter': 'random'}
114,0.5,0.5,0.5521796565389696,0.5714285714285714,0.0,0.0,0.0,0.0,0.0,0.0,DecisionTreeClassifier,{'max_depth': None, 'min_samples_split': 5, 'min_samples_leaf': 2, 'min_impurity_decrease': 0.2, 'criterion': 'gini', 'splitter': 'best'}
115,0.5,0.5,0.5521796565389696,0.5714285714285714,0.0,0.0,0.0,0.0,0.0,0.0,DecisionTreeClassifier,{'max_depth': None, 'min_samples_split': 5, 'min_samples_leaf': 2, 'min_impurity_decrease': 0.2, 'criterion': 'gini', 'splitter': 'random'}
116,0.5,0.5,0.5521796565389696,0.5714285714285714,0.0,0.0,0.0,0.0,0.0,0.0,DecisionTreeClassifier,{'max_depth': None, 'min_samples_split': 5, 'min_samples_leaf': 2, 'min_impurity_decrease': 0.2, 'criterion': 'entropy', 'splitter': 'best'}
117,0.5,0.5,0.5521796565389696,0.5714285714285714,0.0,0.0,0.0,0.0,0.0,0.0,DecisionTreeClassifier,{'max_depth': None, 'min_samples_split': 5, 'min_samples_leaf': 2, 'min_impurity_decrease': 0.2, 'criterion': 'entropy', 'splitter': 'random'}
118,0.5,0.5,0.5521796565389696,0.5714285714285714,0.0,0.0,0.0,0.0,0.0,0.0,DecisionTreeClassifier,{'max_depth': None, 'min_samples_split': 5, 'min_samples_leaf': 2, 'min_impurity_decrease': 0.2, 'criterion': 'log_loss', 'splitter': 'best'}
119,0.5,0.5,0.5521796565389696,0.5714285714285714,0.0,0.0,0.0,0.0,0.0,0.0,DecisionTreeClassifier,{'max_depth': None, 'min_samples_split': 5, 'min_samples_leaf': 2, 'min_impurity_decrease': 0.2, 'criterion': 'log_loss', 'splitter': 'random'}
120,0.7788210469859281,0.8815586419753086,0.7846763540290621,0.8902116402116402,0.7802547770700637,0.9140893470790378,0.7227138643067846,0.8209876543209876,0.7503828483920367,0.865040650406504,DecisionTreeClassifier,{'max_depth': None, 'min_samples_split': 5, 'min_samples_leaf': 4, 'min_impurity_decrease': 0, 'criterion': 'gini', 'splitter': 'best'}
121,0.7859169242494813,0.8815586419753086,0.7912813738441216,0.8902116402116402,0.7854889589905363,0.9140893470790378,0.7345132743362832,0.8209876543209876,0.7591463414634146,0.865040650406504,DecisionTreeClassifier,{'max_depth': None, 'min_samples_split': 5, 'min_samples_leaf': 4, 'min_impurity_decrease': 0, 'criterion': 'gini', 'splitter': 'random'}
122,0.76012335746849,0.8969907407407407,0.7661822985468957,0.9047619047619048,0.7579617834394905,0.9285714285714286,0.7020648967551623,0.8425925925925926,0.7289433384379786,0.883495145631068,DecisionTreeClassifier,{'max_depth': None, 'min_samples_split': 5, 'min_samples_leaf': 4, 'min_impurity_decrease': 0, 'criterion': 'entropy', 'splitter': 'best'}
123,0.764629292458822,0.8935185185185186,0.7714663143989432,0.9021164021164021,0.7694805194805194,0.9310344827586207,0.6991150442477876,0.8333333333333334,0.732612055641422,0.8794788273615635,DecisionTreeClassifier,{'max_depth': None, 'min_samples_split': 5, 'min_samples_leaf': 4, 'min_impurity_decrease': 0, 'criterion': 'entropy', 'splitter': 'random'}
124,0.7655467107027423,0.8935185185185185,0.7727873183619551,0.9007936507936508,0.7737704918032787,0.9191919191919192,0.696165191740413,0.8425925925925926,0.7329192546583851,0.8792270531400966,DecisionTreeClassifier,{'max_depth': None, 'min_samples_split': 5, 'min_samples_leaf': 4, 'min_impurity_decrease': 0, 'criterion': 'log_loss', 'splitter': 'best'}
125,0.7699714894638042,0.8923611111111112,0.7767503302509907,0.9007936507936508,0.775974025974026,0.9278350515463918,0.7050147492625368,0.8333333333333334,0.7387944358578051,0.8780487804878049,DecisionTreeClassifier,{'max_depth': None, 'min_samples_split': 5, 'min_samples_leaf': 4, 'min_impurity_decrease': 0, 'criterion': 'log_loss', 'splitter': 'random'}
126,0.5,0.5,0.5521796565389696,0.5714285714285714,0.0,0.0,0.0,0.0,0.0,0.0,DecisionTreeClassifier,{'max_depth': None, 'min_samples_split': 5, 'min_samples_leaf': 4, 'min_impurity_decrease': 0.05, 'criterion': 'gini', 'splitter': 'best'}
127,0.5,0.5,0.5521796565389696,0.5714285714285714,0.0,0.0,0.0,0.0,0.0,0.0,DecisionTreeClassifier,{'max_depth': None, 'min_samples_split': 5, 'min_samples_leaf': 4, 'min_impurity_decrease': 0.05, 'criterion': 'gini', 'splitter': 'random'}
128,0.7063061918674401,0.7773919753086419,0.7159841479524438,0.791005291005291,0.7123287671232876,0.8007246376811594,0.6135693215339233,0.6820987654320988,0.6592709984152139,0.7366666666666668,DecisionTreeClassifier,{'max_depth': None, 'min_samples_split': 5, 'min_samples_leaf': 4, 'min_impurity_decrease': 0.05, 'criterion': 'entropy', 'splitter': 'best'}
129,0.7063061918674401,0.7773919753086419,0.7159841479524438,0.791005291005291,0.7123287671232876,0.8007246376811594,0.6135693215339233,0.6820987654320988,0.6592709984152139,0.7366666666666668,DecisionTreeClassifier,{'max_depth': None, 'min_samples_split': 5, 'min_samples_leaf': 4, 'min_impurity_decrease': 0.05, 'criterion': 'entropy', 'splitter': 'random'}
130,0.7063061918674401,0.7773919753086419,0.7159841479524438,0.791005291005291,0.7123287671232876,0.8007246376811594,0.6135693215339233,0.6820987654320988,0.6592709984152139,0.7366666666666668,DecisionTreeClassifier,{'max_depth': None, 'min_samples_split': 5, 'min_samples_leaf': 4, 'min_impurity_decrease': 0.05, 'criterion': 'log_loss', 'splitter': 'best'}
131,0.7063061918674401,0.7773919753086419,0.7159841479524438,0.791005291005291,0.7123287671232876,0.8007246376811594,0.6135693215339233,0.6820987654320988,0.6592709984152139,0.7366666666666668,DecisionTreeClassifier,{'max_depth': None, 'min_samples_split': 5, 'min_samples_leaf': 4, 'min_impurity_decrease': 0.05, 'criterion': 'log_loss', 'splitter': 'random'}
132,0.5,0.5,0.5521796565389696,0.5714285714285714,0.0,0.0,0.0,0.0,0.0,0.0,DecisionTreeClassifier,{'max_depth': None, 'min_samples_split': 5, 'min_samples_leaf': 4, 'min_impurity_decrease': 0.1, 'criterion': 'gini', 'splitter': 'best'}
133,0.5,0.5,0.5521796565389696,0.5714285714285714,0.0,0.0,0.0,0.0,0.0,0.0,DecisionTreeClassifier,{'max_depth': None, 'min_samples_split': 5, 'min_samples_leaf': 4, 'min_impurity_decrease': 0.1, 'criterion': 'gini', 'splitter': 'random'}
134,0.5,0.5,0.5521796565389696,0.5714285714285714,0.0,0.0,0.0,0.0,0.0,0.0,DecisionTreeClassifier,{'max_depth': None, 'min_samples_split': 5, 'min_samples_leaf': 4, 'min_impurity_decrease': 0.1, 'criterion': 'entropy', 'splitter': 'best'}
135,0.5,0.5,0.5521796565389696,0.5714285714285714,0.0,0.0,0.0,0.0,0.0,0.0,DecisionTreeClassifier,{'max_depth': None, 'min_samples_split': 5, 'min_samples_leaf': 4, 'min_impurity_decrease': 0.1, 'criterion': 'entropy', 'splitter': 'random'}
136,0.5,0.5,0.5521796565389696,0.5714285714285714,0.0,0.0,0.0,0.0,0.0,0.0,DecisionTreeClassifier,{'max_depth': None, 'min_samples_split': 5, 'min_samples_leaf': 4, 'min_impurity_decrease': 0.1, 'criterion': 'log_loss', 'splitter': 'best'}
137,0.5,0.5,0.5521796565389696,0.5714285714285714,0.0,0.0,0.0,0.0,0.0,0.0,DecisionTreeClassifier,{'max_depth': None, 'min_samples_split': 5, 'min_samples_leaf': 4, 'min_impurity_decrease': 0.1, 'criterion': 'log_loss', 'splitter': 'random'}
138,0.5,0.5,0.5521796565389696,0.5714285714285714,0.0,0.0,0.0,0.0,0.0,0.0,DecisionTreeClassifier,{'max_depth': None, 'min_samples_split': 5, 'min_samples_leaf': 4, 'min_impurity_decrease': 0.2, 'criterion': 'gini', 'splitter': 'best'}
139,0.5,0.5,0.5521796565389696,0.5714285714285714,0.0,0.0,0.0,0.0,0.0,0.0,DecisionTreeClassifier,{'max_depth': None, 'min_samples_split': 5, 'min_samples_leaf': 4, 'min_impurity_decrease': 0.2, 'criterion': 'gini', 'splitter': 'random'}
140,0.5,0.5,0.5521796565389696,0.5714285714285714,0.0,0.0,0.0,0.0,0.0,0.0,DecisionTreeClassifier,{'max_depth': None, 'min_samples_split': 5, 'min_samples_leaf': 4, 'min_impurity_decrease': 0.2, 'criterion': 'entropy', 'splitter': 'best'}
141,0.5,0.5,0.5521796565389696,0.5714285714285714,0.0,0.0,0.0,0.0,0.0,0.0,DecisionTreeClassifier,{'max_depth': None, 'min_samples_split': 5, 'min_samples_leaf': 4, 'min_impurity_decrease': 0.2, 'criterion': 'entropy', 'splitter': 'random'}
142,0.5,0.5,0.5521796565389696,0.5714285714285714,0.0,0.0,0.0,0.0,0.0,0.0,DecisionTreeClassifier,{'max_depth': None, 'min_samples_split': 5, 'min_samples_leaf': 4, 'min_impurity_decrease': 0.2, 'criterion': 'log_loss', 'splitter': 'best'}
143,0.5,0.5,0.5521796565389696,0.5714285714285714,0.0,0.0,0.0,0.0,0.0,0.0,DecisionTreeClassifier,{'max_depth': None, 'min_samples_split': 5, 'min_samples_leaf': 4, 'min_impurity_decrease': 0.2, 'criterion': 'log_loss', 'splitter': 'random'}
144,0.7666158558100803,0.9498456790123457,0.7675033025099075,0.9523809523809523,0.7321937321937322,0.9556962025316456,0.7581120943952803,0.9320987654320988,0.744927536231884,0.9437500000000001,DecisionTreeClassifier,{'max_depth': None, 'min_samples_split': 10, 'min_samples_leaf': 1, 'min_impurity_decrease': 0, 'criterion': 'gini', 'splitter': 'best'}
145,0.7630273390636688,0.9498456790123457,0.7635402906208718,0.9523809523809523,0.7259887005649718,0.9556962025316456,0.7581120943952803,0.9320987654320988,0.7417027417027418,0.9437500000000001,DecisionTreeClassifier,{'max_depth': None, 'min_samples_split': 10, 'min_samples_leaf': 1, 'min_impurity_decrease': 0, 'criterion': 'gini', 'splitter': 'random'}
146,0.7844772833128679,0.9614197530864197,0.7859973579920739,0.9629629629629629,0.7565217391304347,0.9625,0.7699115044247787,0.9506172839506173,0.763157894736842,0.9565217391304348,DecisionTreeClassifier,{'max_depth': None, 'min_samples_split': 10, 'min_samples_leaf': 1, 'min_impurity_decrease': 0, 'criterion': 'entropy', 'splitter': 'best'}
147,0.7759064797956274,0.9606481481481481,0.7780713342140027,0.9629629629629629,0.750733137829912,0.9683544303797469,0.7551622418879056,0.9444444444444444,0.7529411764705882,0.9562499999999999,DecisionTreeClassifier,{'max_depth': None, 'min_samples_split': 10, 'min_samples_leaf': 1, 'min_impurity_decrease': 0, 'criterion': 'entropy', 'splitter': 'random'}
148,0.7833622672933339,0.9564043209876544,0.7859973579920739,0.9576719576719577,0.7626112759643917,0.953416149068323,0.7581120943952803,0.9475308641975309,0.7603550295857988,0.9504643962848298,DecisionTreeClassifier,{'max_depth': None, 'min_samples_split': 10, 'min_samples_leaf': 1, 'min_impurity_decrease': 0, 'criterion': 'log_loss', 'splitter': 'best'}
149,0.7874271358202425,0.9556327160493827,0.7886393659180978,0.9563492063492064,0.7579250720461095,0.9476923076923077,0.775811209439528,0.9506172839506173,0.7667638483965015,0.9491525423728813,DecisionTreeClassifier,{'max_depth': None, 'min_samples_split': 10, 'min_samples_leaf': 1, 'min_impurity_decrease': 0, 'criterion': 'log_loss', 'splitter': 'random'}
150,0.5,0.5,0.5521796565389696,0.5714285714285714,0.0,0.0,0.0,0.0,0.0,0.0,DecisionTreeClassifier,{'max_depth': None, 'min_samples_split': 10, 'min_samples_leaf': 1, 'min_impurity_decrease': 0.05, 'criterion': 'gini', 'splitter': 'best'}
151,0.5,0.5,0.5521796565389696,0.5714285714285714,0.0,0.0,0.0,0.0,0.0,0.0,DecisionTreeClassifier,{'max_depth': None, 'min_samples_split': 10, 'min_samples_leaf': 1, 'min_impurity_decrease': 0.05, 'criterion': 'gini', 'splitter': 'random'}
152,0.7063061918674401,0.7773919753086419,0.7159841479524438,0.791005291005291,0.7123287671232876,0.8007246376811594,0.6135693215339233,0.6820987654320988,0.6592709984152139,0.7366666666666668,DecisionTreeClassifier,{'max_depth': None, 'min_samples_split': 10, 'min_samples_leaf': 1, 'min_impurity_decrease': 0.05, 'criterion': 'entropy', 'splitter': 'best'}
153,0.7063061918674401,0.7773919753086419,0.7159841479524438,0.791005291005291,0.7123287671232876,0.8007246376811594,0.6135693215339233,0.6820987654320988,0.6592709984152139,0.7366666666666668,DecisionTreeClassifier,{'max_depth': None, 'min_samples_split': 10, 'min_samples_leaf': 1, 'min_impurity_decrease': 0.05, 'criterion': 'entropy', 'splitter': 'random'}
154,0.7063061918674401,0.7773919753086419,0.7159841479524438,0.791005291005291,0.7123287671232876,0.8007246376811594,0.6135693215339233,0.6820987654320988,0.6592709984152139,0.7366666666666668,DecisionTreeClassifier,{'max_depth': None, 'min_samples_split': 10, 'min_samples_leaf': 1, 'min_impurity_decrease': 0.05, 'criterion': 'log_loss', 'splitter': 'best'}
155,0.7063061918674401,0.7773919753086419,0.7159841479524438,0.791005291005291,0.7123287671232876,0.8007246376811594,0.6135693215339233,0.6820987654320988,0.6592709984152139,0.7366666666666668,DecisionTreeClassifier,{'max_depth': None, 'min_samples_split': 10, 'min_samples_leaf': 1, 'min_impurity_decrease': 0.05, 'criterion': 'log_loss', 'splitter': 'random'}
156,0.5,0.5,0.5521796565389696,0.5714285714285714,0.0,0.0,0.0,0.0,0.0,0.0,DecisionTreeClassifier,{'max_depth': None, 'min_samples_split': 10, 'min_samples_leaf': 1, 'min_impurity_decrease': 0.1, 'criterion': 'gini', 'splitter': 'best'}
157,0.5,0.5,0.5521796565389696,0.5714285714285714,0.0,0.0,0.0,0.0,0.0,0.0,DecisionTreeClassifier,{'max_depth': None, 'min_samples_split': 10, 'min_samples_leaf': 1, 'min_impurity_decrease': 0.1, 'criterion': 'gini', 'splitter': 'random'}
158,0.5,0.5,0.5521796565389696,0.5714285714285714,0.0,0.0,0.0,0.0,0.0,0.0,DecisionTreeClassifier,{'max_depth': None, 'min_samples_split': 10, 'min_samples_leaf': 1, 'min_impurity_decrease': 0.1, 'criterion': 'entropy', 'splitter': 'best'}
159,0.5,0.5,0.5521796565389696,0.5714285714285714,0.0,0.0,0.0,0.0,0.0,0.0,DecisionTreeClassifier,{'max_depth': None, 'min_samples_split': 10, 'min_samples_leaf': 1, 'min_impurity_decrease': 0.1, 'criterion': 'entropy', 'splitter': 'random'}
160,0.5,0.5,0.5521796565389696,0.5714285714285714,0.0,0.0,0.0,0.0,0.0,0.0,DecisionTreeClassifier,{'max_depth': None, 'min_samples_split': 10, 'min_samples_leaf': 1, 'min_impurity_decrease': 0.1, 'criterion': 'log_loss', 'splitter': 'best'}
161,0.5,0.5,0.5521796565389696,0.5714285714285714,0.0,0.0,0.0,0.0,0.0,0.0,DecisionTreeClassifier,{'max_depth': None, 'min_samples_split': 10, 'min_samples_leaf': 1, 'min_impurity_decrease': 0.1, 'criterion': 'log_loss', 'splitter': 'random'}
162,0.5,0.5,0.5521796565389696,0.5714285714285714,0.0,0.0,0.0,0.0,0.0,0.0,DecisionTreeClassifier,{'max_depth': None, 'min_samples_split': 10, 'min_samples_leaf': 1, 'min_impurity_decrease': 0.2, 'criterion': 'gini', 'splitter': 'best'}
163,0.5,0.5,0.5521796565389696,0.5714285714285714,0.0,0.0,0.0,0.0,0.0,0.0,DecisionTreeClassifier,{'max_depth': None, 'min_samples_split': 10, 'min_samples_leaf': 1, 'min_impurity_decrease': 0.2, 'criterion': 'gini', 'splitter': 'random'}
164,0.5,0.5,0.5521796565389696,0.5714285714285714,0.0,0.0,0.0,0.0,0.0,0.0,DecisionTreeClassifier,{'max_depth': None, 'min_samples_split': 10, 'min_samples_leaf': 1, 'min_impurity_decrease': 0.2, 'criterion': 'entropy', 'splitter': 'best'}
165,0.5,0.5,0.5521796565389696,0.5714285714285714,0.0,0.0,0.0,0.0,0.0,0.0,DecisionTreeClassifier,{'max_depth': None, 'min_samples_split': 10, 'min_samples_leaf': 1, 'min_impurity_decrease': 0.2, 'criterion': 'entropy', 'splitter': 'random'}
166,0.5,0.5,0.5521796565389696,0.5714285714285714,0.0,0.0,0.0,0.0,0.0,0.0,DecisionTreeClassifier,{'max_depth': None, 'min_samples_split': 10, 'min_samples_leaf': 1, 'min_impurity_decrease': 0.2, 'criterion': 'log_loss', 'splitter': 'best'}
167,0.5,0.5,0.5521796565389696,0.5714285714285714,0.0,0.0,0.0,0.0,0.0,0.0,DecisionTreeClassifier,{'max_depth': None, 'min_samples_split': 10, 'min_samples_leaf': 1, 'min_impurity_decrease': 0.2, 'criterion': 'log_loss', 'splitter': 'random'}
168,0.7682530945223074,0.9054783950617283,0.7714663143989432,0.9113756613756614,0.7485029940119761,0.9240924092409241,0.7374631268436578,0.8641975308641975,0.7429420505200595,0.8931419457735247,DecisionTreeClassifier,{'max_depth': None, 'min_samples_split': 10, 'min_samples_leaf': 2, 'min_impurity_decrease': 0, 'criterion': 'gini', 'splitter': 'best'}
169,0.7831646695177203,0.9047067901234569,0.7873183619550859,0.91005291005291,0.7730061349693251,0.9183006535947712,0.7433628318584071,0.8672839506172839,0.7578947368421053,0.892063492063492,DecisionTreeClassifier,{'max_depth': None, 'min_samples_split': 10, 'min_samples_leaf': 2, 'min_impurity_decrease': 0, 'criterion': 'gini', 'splitter': 'random'}
170,0.793291555517918,0.9320987654320988,0.797886393659181,0.9351851851851852,0.7888198757763976,0.9365079365079365,0.7492625368731564,0.9104938271604939,0.7685325264750379,0.9233176838810643,DecisionTreeClassifier,{'max_depth': None, 'min_samples_split': 10, 'min_samples_leaf': 2, 'min_impurity_decrease': 0, 'criterion': 'entropy', 'splitter': 'best'}
171,0.800944940791238,0.935570987654321,0.8044914134742405,0.9391534391534392,0.790273556231003,0.9455128205128205,0.7669616519174042,0.9104938271604939,0.778443113772455,0.9276729559748427,DecisionTreeClassifier,{'max_depth': None, 'min_samples_split': 10, 'min_samples_leaf': 2, 'min_impurity_decrease': 0, 'criterion': 'entropy', 'splitter': 'random'}
172,0.7961602517960227,0.9317129629629629,0.7992073976221928,0.9338624338624338,0.7807807807807807,0.928125,0.7669616519174042,0.9166666666666666,0.7738095238095238,0.9223602484472049,DecisionTreeClassifier,{'max_depth': None, 'min_samples_split': 10, 'min_samples_leaf': 2, 'min_impurity_decrease': 0, 'criterion': 'log_loss', 'splitter': 'best'}
173,0.7890643745324695,0.925925925925926,0.7926023778071334,0.9298941798941799,0.7757575757575758,0.9356913183279743,0.7551622418879056,0.8981481481481481,0.765321375186846,0.9165354330708662,DecisionTreeClassifier,{'max_depth': None, 'min_samples_split': 10, 'min_samples_leaf': 2, 'min_impurity_decrease': 0, 'criterion': 'log_loss', 'splitter': 'random'}
174,0.5,0.5,0.5521796565389696,0.5714285714285714,0.0,0.0,0.0,0.0,0.0,0.0,DecisionTreeClassifier,{'max_depth': None, 'min_samples_split': 10, 'min_samples_leaf': 2, 'min_impurity_decrease': 0.05, 'criterion': 'gini', 'splitter': 'best'}
175,0.5,0.5,0.5521796565389696,0.5714285714285714,0.0,0.0,0.0,0.0,0.0,0.0,DecisionTreeClassifier,{'max_depth': None, 'min_samples_split': 10, 'min_samples_leaf': 2, 'min_impurity_decrease': 0.05, 'criterion': 'gini', 'splitter': 'random'}
176,0.7063061918674401,0.7773919753086419,0.7159841479524438,0.791005291005291,0.7123287671232876,0.8007246376811594,0.6135693215339233,0.6820987654320988,0.6592709984152139,0.7366666666666668,DecisionTreeClassifier,{'max_depth': None, 'min_samples_split': 10, 'min_samples_leaf': 2, 'min_impurity_decrease': 0.05, 'criterion': 'entropy', 'splitter': 'best'}
177,0.7063061918674401,0.7773919753086419,0.7159841479524438,0.791005291005291,0.7123287671232876,0.8007246376811594,0.6135693215339233,0.6820987654320988,0.6592709984152139,0.7366666666666668,DecisionTreeClassifier,{'max_depth': None, 'min_samples_split': 10, 'min_samples_leaf': 2, 'min_impurity_decrease': 0.05, 'criterion': 'entropy', 'splitter': 'random'}
178,0.7063061918674401,0.7773919753086419,0.7159841479524438,0.791005291005291,0.7123287671232876,0.8007246376811594,0.6135693215339233,0.6820987654320988,0.6592709984152139,0.7366666666666668,DecisionTreeClassifier,{'max_depth': None, 'min_samples_split': 10, 'min_samples_leaf': 2, 'min_impurity_decrease': 0.05, 'criterion': 'log_loss', 'splitter': 'best'}
179,0.7063061918674401,0.7773919753086419,0.7159841479524438,0.791005291005291,0.7123287671232876,0.8007246376811594,0.6135693215339233,0.6820987654320988,0.6592709984152139,0.7366666666666668,DecisionTreeClassifier,{'max_depth': None, 'min_samples_split': 10, 'min_samples_leaf': 2, 'min_impurity_decrease': 0.05, 'criterion': 'log_loss', 'splitter': 'random'}
180,0.5,0.5,0.5521796565389696,0.5714285714285714,0.0,0.0,0.0,0.0,0.0,0.0,DecisionTreeClassifier,{'max_depth': None, 'min_samples_split': 10, 'min_samples_leaf': 2, 'min_impurity_decrease': 0.1, 'criterion': 'gini', 'splitter': 'best'}
181,0.5,0.5,0.5521796565389696,0.5714285714285714,0.0,0.0,0.0,0.0,0.0,0.0,DecisionTreeClassifier,{'max_depth': None, 'min_samples_split': 10, 'min_samples_leaf': 2, 'min_impurity_decrease': 0.1, 'criterion': 'gini', 'splitter': 'random'}
182,0.5,0.5,0.5521796565389696,0.5714285714285714,0.0,0.0,0.0,0.0,0.0,0.0,DecisionTreeClassifier,{'max_depth': None, 'min_samples_split': 10, 'min_samples_leaf': 2, 'min_impurity_decrease': 0.1, 'criterion': 'entropy', 'splitter': 'best'}
183,0.5,0.5,0.5521796565389696,0.5714285714285714,0.0,0.0,0.0,0.0,0.0,0.0,DecisionTreeClassifier,{'max_depth': None, 'min_samples_split': 10, 'min_samples_leaf': 2, 'min_impurity_decrease': 0.1, 'criterion': 'entropy', 'splitter': 'random'}
184,0.5,0.5,0.5521796565389696,0.5714285714285714,0.0,0.0,0.0,0.0,0.0,0.0,DecisionTreeClassifier,{'max_depth': None, 'min_samples_split': 10, 'min_samples_leaf': 2, 'min_impurity_decrease': 0.1, 'criterion': 'log_loss', 'splitter': 'best'}
185,0.5,0.5,0.5521796565389696,0.5714285714285714,0.0,0.0,0.0,0.0,0.0,0.0,DecisionTreeClassifier,{'max_depth': None, 'min_samples_split': 10, 'min_samples_leaf': 2, 'min_impurity_decrease': 0.1, 'criterion': 'log_loss', 'splitter': 'random'}
186,0.5,0.5,0.5521796565389696,0.5714285714285714,0.0,0.0,0.0,0.0,0.0,0.0,DecisionTreeClassifier,{'max_depth': None, 'min_samples_split': 10, 'min_samples_leaf': 2, 'min_impurity_decrease': 0.2, 'criterion': 'gini', 'splitter': 'best'}
187,0.5,0.5,0.5521796565389696,0.5714285714285714,0.0,0.0,0.0,0.0,0.0,0.0,DecisionTreeClassifier,{'max_depth': None, 'min_samples_split': 10, 'min_samples_leaf': 2, 'min_impurity_decrease': 0.2, 'criterion': 'gini', 'splitter': 'random'}
188,0.5,0.5,0.5521796565389696,0.5714285714285714,0.0,0.0,0.0,0.0,0.0,0.0,DecisionTreeClassifier,{'max_depth': None, 'min_samples_split': 10, 'min_samples_leaf': 2, 'min_impurity_decrease': 0.2, 'criterion': 'entropy', 'splitter': 'best'}
189,0.5,0.5,0.5521796565389696,0.5714285714285714,0.0,0.0,0.0,0.0,0.0,0.0,DecisionTreeClassifier,{'max_depth': None, 'min_samples_split': 10, 'min_samples_leaf': 2, 'min_impurity_decrease': 0.2, 'criterion': 'entropy', 'splitter': 'random'}
190,0.5,0.5,0.5521796565389696,0.5714285714285714,0.0,0.0,0.0,0.0,0.0,0.0,DecisionTreeClassifier,{'max_depth': None, 'min_samples_split': 10, 'min_samples_leaf': 2, 'min_impurity_decrease': 0.2, 'criterion': 'log_loss', 'splitter': 'best'}
191,0.5,0.5,0.5521796565389696,0.5714285714285714,0.0,0.0,0.0,0.0,0.0,0.0,DecisionTreeClassifier,{'max_depth': None, 'min_samples_split': 10, 'min_samples_leaf': 2, 'min_impurity_decrease': 0.2, 'criterion': 'log_loss', 'splitter': 'random'}
192,0.789343128537353,0.8823302469135803,0.7926023778071334,0.8862433862433863,0.7740963855421686,0.8765822784810127,0.7581120943952803,0.8549382716049383,0.7660208643815202,0.8656250000000001,DecisionTreeClassifier,{'max_depth': None, 'min_samples_split': 10, 'min_samples_leaf': 4, 'min_impurity_decrease': 0, 'criterion': 'gini', 'splitter': 'best'}
193,0.7908180547910403,0.8858024691358024,0.7939233817701453,0.8888888888888888,0.7747747747747747,0.875,0.7610619469026548,0.8641975308641975,0.7678571428571429,0.8695652173913043,DecisionTreeClassifier,{'max_depth': None, 'min_samples_split': 10, 'min_samples_leaf': 4, 'min_impurity_decrease': 0, 'criterion': 'gini', 'splitter': 'random'}
194,0.7653843982442026,0.8977623456790124,0.7701453104359313,0.9034391534391535,0.7554179566563467,0.9114754098360656,0.7197640117994101,0.8580246913580247,0.7371601208459214,0.8839427662957074,DecisionTreeClassifier,{'max_depth': None, 'min_samples_split': 10, 'min_samples_leaf': 4, 'min_impurity_decrease': 0, 'criterion': 'entropy', 'splitter': 'best'}
